category,total_amount,avg_amount,transactions,pct_of_total,rank
Housing,756786.7167186578,1606.7658529058551,471,0.6925,1
Food,62990.37860021546,103.26291573805813,610,0.0576,2
Utilities,60069.69527925464,200.9019909005172,299,0.055,3
Health,59146.479142855846,272.5644200131606,217,0.0541,4
Leisure,45610.466073723015,134.94220731870715,338,0.0417,5
Education,44600.572681003236,420.760119632106,106,0.0408,6
Transport,34386.82258303476,94.46929281053505,364,0.0315,7
Uncategorized,29306.86,308.4932631578947,95,0.0268,8
