account,total_amount,avg_amount,transactions,pct_of_total
Checking,565475.6624255959,463.88487483641995,1219,0.5174
Credit,289959.01464504213,393.9660525068507,736,0.2653
Savings,237463.31400810665,435.7125027671682,545,0.2173
