category,total_amount,avg_amount,transactions,pct_of_total,rank,cum_total,cum_pct
Housing,756786.7167186578,1606.7658529058551,471,0.6925,1,756786.7167186578,0.6925
Food,62990.37860021546,103.26291573805813,610,0.0576,2,819777.0953188732,0.7501
Utilities,60069.69527925464,200.9019909005172,299,0.055,3,879846.7905981279,0.8051
Health,59146.479142855846,272.5644200131606,217,0.0541,4,938993.2697409837,0.8592
Leisure,45610.466073723015,134.94220731870715,338,0.0417,5,984603.7358147068,0.9009
Education,44600.572681003236,420.760119632106,106,0.0408,6,1029204.30849571,0.9417
Transport,34386.82258303476,94.46929281053505,364,0.0315,7,1063591.1310787448,0.9732
Uncategorized,29306.86,308.4932631578947,95,0.0268,8,1092897.9910787449,1.0
