weekday,total_amount
Monday,184147.91948068238
Tuesday,135993.55665503052
Wednesday,129472.11471616542
Thursday,138051.3979061871
Friday,134061.32017049403
Saturday,148985.87169787005
Sunday,222185.81045231526
