month,total_amount,mom_growth_pct
2025-01,95749.26631619773,
2025-02,96962.96017647172,1.27
2025-03,79195.68884224437,-18.32
2025-04,72476.82168386847,-8.48
2025-05,96187.79002511923,32.72
2025-06,106788.64471110201,11.02
2025-07,103239.28596096854,-3.32
2025-08,120908.77758826264,17.12
2025-09,76052.56419833851,-37.1
2025-10,87528.18061450547,15.09
2025-11,68167.773315883,-22.12
2025-12,89640.23764578307,31.5
